{
    "scaling_params": {
        "p": [
            7.870188056813276e-09,
            0.216037780046463
        ],
        "qs": [
            0.22827857732772827,
            30.698993682861328
        ],
        "rbphi": [
            0.5508875250816345,
            1.0832818746566772
        ],
        "shape": [
            0.9968876838684082,
            2.01712703704834
        ],
        "growthrate": [
            0.0,
            0.5999166369438171
        ],
        "stable": [
            0.0,
            1.0
        ],
        "dped": [
            0.22990000247955322,
            11.24120044708252
        ],
        "r_mag": [
            0.8832589983940125,
            2.8629298210144043
        ],
        "b_mag": [
            1.000732421875,
            2.499924898147583
        ],
        "beta_n": [
            0.1379999965429306,
            7.361000061035156
        ]
    },
    "karhu_psin_axis": [
        0.05623413, 0.35500311, 0.42213899, 0.46716133, 0.50199093,
        0.53078661, 0.555537  , 0.57736182, 0.59695944, 0.61479737,
        0.63120527, 0.64642503, 0.66063988, 0.67399221, 0.68659506,
        0.69853979, 0.70990142, 0.72074233, 0.73111502, 0.7410641 ,
        0.75062789, 0.75983948, 0.76872775, 0.77731797, 0.78563249,
        0.79369111, 0.80151148, 0.80910941, 0.81649913, 0.82369349,
        0.83070413, 0.83754164, 0.84421567, 0.85073507, 0.85710794,
        0.86334175, 0.86944337, 0.87541918, 0.88127505, 0.88701647,
        0.89264851, 0.89817592, 0.90360313, 0.90893428, 0.91417323,
        0.91932363, 0.9243889 , 0.92937224, 0.93427669, 0.93910509,
        0.94386014, 0.9485444 , 0.95316026, 0.95771003, 0.96219586,
        0.96661981, 0.97098385, 0.97528982, 0.9795395 , 0.98373458,
        0.98787667, 0.9919673 , 0.99600794, 1.0
    ],
    "karhu_theta_axis": [
        1.00000000e-05, 4.94838213e-02, 9.89576426e-02, 1.48431464e-01,
        1.97905285e-01, 2.47379107e-01, 2.96852928e-01, 3.46326749e-01,
        3.95800571e-01, 4.45274392e-01, 4.94748213e-01, 5.44222034e-01,
        5.93695856e-01, 6.43169677e-01, 6.92643498e-01, 7.42117320e-01,
        7.91591141e-01, 8.41064962e-01, 8.90538784e-01, 9.40012605e-01,
        9.89486426e-01, 1.03896025e+00, 1.08843407e+00, 1.13790789e+00,
        1.18738171e+00, 1.23685553e+00, 1.28632935e+00, 1.33580318e+00,
        1.38527700e+00, 1.43475082e+00, 1.48422464e+00, 1.53369846e+00,
        1.58317228e+00, 1.63264610e+00, 1.68211992e+00, 1.73159375e+00,
        1.78106757e+00, 1.83054139e+00, 1.88001521e+00, 1.92948903e+00,
        1.97896285e+00, 2.02843667e+00, 2.07791050e+00, 2.12738432e+00,
        2.17685814e+00, 2.22633196e+00, 2.27580578e+00, 2.32527960e+00,
        2.37475342e+00, 2.42422724e+00, 2.47370107e+00, 2.52317489e+00,
        2.57264871e+00, 2.62212253e+00, 2.67159635e+00, 2.72107017e+00,
        2.77054399e+00, 2.82001782e+00, 2.86949164e+00, 2.91896546e+00,
        2.96843928e+00, 3.01791310e+00, 3.06738692e+00, 3.11686074e+00,
        3.16633456e+00, 3.21580839e+00, 3.26528221e+00, 3.31475603e+00,
        3.36422985e+00, 3.41370367e+00, 3.46317749e+00, 3.51265131e+00,
        3.56212513e+00, 3.61159896e+00, 3.66107278e+00, 3.71054660e+00,
        3.76002042e+00, 3.80949424e+00, 3.85896806e+00, 3.90844188e+00,
        3.95791571e+00, 4.00738953e+00, 4.05686335e+00, 4.10633717e+00,
        4.15581099e+00, 4.20528481e+00, 4.25475863e+00, 4.30423245e+00,
        4.35370628e+00, 4.40318010e+00, 4.45265392e+00, 4.50212774e+00,
        4.55160156e+00, 4.60107538e+00, 4.65054920e+00, 4.70002303e+00,
        4.74949685e+00, 4.79897067e+00, 4.84844449e+00, 4.89791831e+00,
        4.94739213e+00, 4.99686595e+00, 5.04633977e+00, 5.09581360e+00,
        5.14528742e+00, 5.19476124e+00, 5.24423506e+00, 5.29370888e+00,
        5.34318270e+00, 5.39265652e+00, 5.44213034e+00, 5.49160417e+00,
        5.54107799e+00, 5.59055181e+00, 5.64002563e+00, 5.68949945e+00,
        5.73897327e+00, 5.78844709e+00, 5.83792092e+00, 5.88739474e+00,
        5.93686856e+00, 5.98634238e+00, 6.03581620e+00, 6.08529002e+00,
        6.13476384e+00, 6.18423766e+00, 6.23371149e+00, 6.28318531e+00
    ]
}