{
    "p": [
        7.870188056813276e-09,
        0.216037780046463
    ],
    "qs": [
        0.22827857732772827,
        30.698993682861328
    ],
    "rbphi": [
        0.5508875250816345,
        1.0832818746566772
    ],
    "shape": [
        0.026455655694007874,
        1.8997050523757935
    ],
    "growthrate": [
        0.0,
        0.5999166369438171
    ],
    "stable": [
        0.0,
        1.0
    ],
    "dped": [
        0.22990000247955322,
        11.24120044708252
    ],
    "r_mag": [
        0.8832589983940125,
        2.8629298210144043
    ],
    "b_mag": [
        1.000732421875,
        2.499924898147583
    ],
    "beta_n": [
        0.1379999965429306,
        7.361000061035156
    ]
}