{
    "p": [
        -0.0007110991282388568,
        0.20713640749454498
    ],
    "qs": [
        0.2326994091272354,
        30.698993682861328
    ],
    "rbphi": [
        0.5634963512420654,
        1.0784145593643188
    ],
    "shape": [
        0.9999997019767761,
        2.002159357070923
    ],
    "growthrate": [
        0.0,
        0.5999166369438171
    ],
    "dped": [
        0.0050006951205432415,
        0.09999044239521027
    ],
    "r_mag": [
        0.8832589983940125,
        2.8629298210144043
    ],
    "b_mag": [
        1.000732421875,
        2.4998714923858643
    ]
}