{
    "scaling_params": 
    {
        "p": [
            -6.2234776123659685e-06,
            0.06958061456680298
        ],
        "qs": [
            0.3937555253505707,
            10.796917915344238
        ],
        "rbphi": [
            0.9017272591590881,
            1.0215754508972168
        ],
        "shape": [
            0.9992040395736694,
            1.7422369718551636
        ],
        "growthrate": [
            0.0,
            0.30418744683265686
        ],
        "stable": [
            0.0,
            1.0
        ],
        "dped": [
            0.39660000801086426,
            4.367499828338623
        ],
        "r_mag": [
            1.0120919942855835,
            5.678050994873047
        ],
        "b_mag": [
            1.03132164478302,
            5.352698802947998
        ],
        "beta_n": [
            0.39100000262260437,
            3.7890000343322754
        ]
    }
}