{
    "p": [
        -6.2234776123659685e-06,
        0.06958061456680298
    ],
    "qs": [
        0.3937555253505707,
        10.796917915344238
    ],
    "rbphi": [
        0.9017272591590881,
        1.0215754508972168
    ],
    "shape": [
        0.04858630895614624,
        1.6699999570846558
    ],
    "growthrate": [
        0.0,
        0.30418744683265686
    ],
    "dped": [
        0.015201258473098278,
        0.06282637268304825
    ],
    "r_mag": [
        1.0120919942855835,
        5.678050994873047
    ],
    "b_mag": [
        1.03132164478302,
        5.352698802947998
    ]
}